energy,7bcea01794773fc317d8fb5a8ea7c275,4c32a0a4f1938ddc47bf6ad0b748658e
-10.6762134838703,5.8038356217664976e-09,0.0
-10.665343459573169,1.2215959663520247e-08,0.0
-10.65447343527604,2.5150056389530694e-08,0.0
-10.643603410978908,5.065049149136133e-08,0.0
-10.632733386681778,9.979315598183774e-08,0.0
-10.621863362384648,1.923687888005874e-07,0.0
-10.61099333808752,3.6285713336566077e-07,0.0
-10.60012331379039,6.698249482738434e-07,0.0
-10.58925328949326,1.2102551007332593e-06,0.0
-10.578383265196129,2.140705340677436e-06,0.0
-10.567513240898998,3.7075410592714855e-06,0.0
-10.556643216601868,6.288695711648988e-06,0.0
-10.545773192304738,1.0449375642018821e-05,0.0
-10.534903168007608,1.701373411017112e-05,0.0
-10.524033143710476,2.7153718090194203e-05,0.0
-10.513163119413347,4.249504189362774e-05,0.0
-10.502293095116215,6.523867794460603e-05,0.0
-10.491423070819089,9.82946224921315e-05,0.0
-10.480553046521958,0.00014542334995575255,0.0
-10.469683022224828,0.00021137971360552546,0.0
-10.458812997927698,0.00030205440687339316,0.0
-10.447942973630568,0.0004246095763845943,0.0
-10.437072949333436,0.0005876075457796856,0.0
-10.426202925036309,0.0008011342644945004,0.0
-10.415332900739177,0.0010769211532539987,0.0
-10.404462876442048,0.0014284695576050606,0.0
-10.393592852144916,0.0018711804401203762,0.0
-10.382722827847786,0.002422488315354305,0.0
-10.371852803550658,0.003101993724114484,0.0
-10.360982779253527,0.003931584536309581,0.0
-10.350112754956395,0.004935535228766486,0.0
-10.339242730659269,0.006140576818872143,0.0
-10.328372706362137,0.007575938979868734,0.0
-10.317502682065006,0.009273378863411027,0.0
-10.306632657767876,0.011267225291395387,0.0
-10.295762633470746,0.013594478014774796,0.0
-10.284892609173616,0.01629500550634147,0.0
-10.274022584876484,0.01941187873754913,0.0
-10.263152560579355,0.022991862995256535,0.0
-10.252282536282229,0.027086068750531062,0.0
-10.241412511985097,0.031750742069827746,0.0
-10.230542487687966,0.03704816159961137,0.0
-10.219672463390836,0.043047606974302856,0.0
-10.208802439093706,0.049826372141783946,0.0
-10.197932414796576,0.05747081050745587,0.0
-10.187062390499444,0.06607740646428564,0.0
-10.176192366202317,0.07575385817109972,0.0
-10.165322341905185,0.08662012123703576,0.0
-10.154452317608056,0.09880930209654622,0.0
-10.143582293310924,0.11246821364867643,0.0
-10.132712269013796,0.12775733430628194,0.0
-10.121842244716666,0.14484987051216902,0.0
-10.110972220419535,0.1639296358902397,0.0
-10.100102196122403,0.18518754175905236,0.0
-10.089232171825277,0.20881664220079071,0.0
-10.078362147528145,0.23500587273693127,0.0
-10.067492123231014,0.26393283035762355,0.0
-10.056622098933884,0.29575612215973857,0.0
-10.045752074636754,0.3306079208325644,0.0
-10.034882050339624,0.3685873808499544,0.0
-10.024012026042492,0.40975548168667136,0.0
-10.013142001745363,0.4541316864387759,0.0
-10.002271977448236,0.5016925655830554,0.0
-9.991401953151104,0.5523722756484509,0.0
-9.980531928853974,0.6060645420896775,0.0
-9.969661904556844,0.6626256099418758,0.0
-9.958791880259714,0.7218775206012439,0.0
-9.947921855962583,0.7836110631748188,0.0
-9.937051831665451,0.8475878385964617,0.0
-9.926181807368325,0.9135410582521118,0.0
-9.915311783071193,0.9811749595052085,0.0
-9.904441758774064,1.0501630294163264,0.0
-9.893571734476934,1.1201455436112588,0.0
-9.882701710179804,1.1907271978612612,0.0
-9.871831685882674,1.2614757800512117,0.0
-9.860961661585543,1.3319228515062789,0.0
-9.850091637288411,1.4015672507481398,0.0
-9.839221612991285,1.4698819023672685,0.0
-9.828351588694153,1.5363239481525437,0.0
-9.817481564397022,1.6003476898405087,0.0
-9.806611540099892,1.661419337241317,0.0
-9.795741515802762,1.7190321888366917,0.0
-9.784871491505632,1.7727207117601358,0.0
-9.774001467208503,1.8220720740422294,0.0
-9.763131442911371,1.8667340054319415,0.0
-9.752261418614244,1.9064183674505362,0.0
-9.741391394317112,1.940900406062221,0.0
-9.730521370019982,1.9700142332359667,0.0
-9.719651345722852,1.993645536616189,0.0
-9.708781321425722,2.011722778833945,0.0
-9.697911297128591,2.0242081920707853,0.0
-9.68704127283146,2.031089717572164,0.0
-9.676171248534333,2.032374739639674,0.0
-9.6653012242372,2.028086095680927,0.0
-9.65443119994007,2.018260485018152,0.0
-9.643561175642942,2.0029491083254523,0.0
-9.632691151345812,1.9822201764765173,0.0
-9.621821127048682,1.9561628307217835,0.0
-9.610951102751551,1.9248919899505528,0.0
-9.60008107845442,1.8885536491344714,0.0
-9.58921105415729,1.8473301638231887,0.0
-9.57834102986016,1.8014450522628012,0.0
-9.56747100556303,1.7511668330341743,0.0
-9.5566009812659,1.6968114127815292,0.0
-9.545730956968772,1.6387425738989516,0.0
-9.53486093267164,1.5773702095613278,3.36e-322
-9.523990908374511,1.513146121404337,1.07785e-319
-9.51312088407738,1.4465574205582732,3.3957863e-317
-9.50225085978025,1.378117822863671,1.0456808254e-314
-9.49138083548312,1.308357359095344,3.14726370637e-312
-9.48051081118599,1.2378111858499545,9.25853640252924e-310
-9.46964078688886,1.1670082495540486,2.6621146733579155e-307
-9.45877076259173,1.0964605134208085,7.481460650213124e-305
-9.4479007382946,1.0266533185860305,2.055044587740702e-302
-9.43703071399747,0.95803725101737,5.5173599558976354e-300
-9.42616068970034,0.8910216722425099,1.4478267771926466e-297
-9.415290665403209,0.8259698912412113,3.7134459524451295e-295
-9.40442064110608,0.7631958410324524,9.309209994906311e-293
-9.39355061680895,0.7029620892075226,2.2809920106169915e-290
-9.38268059251182,0.6454790456726063,5.4627323004001985e-288
-9.37181056821469,0.5909053024668702,1.2787077303419357e-285
-9.36094054391756,0.5393491096791987,2.9255523967210893e-283
-9.350070519620427,0.49087102162895446,6.542137820830062e-281
-9.3392004953233,0.44548771711427626,1.429903455793747e-278
-9.328330471026169,0.40317690702878084,3.0547027881781547e-276
-9.317460446729038,0.3638831140218209,6.378321791370151e-274
-9.30659042243191,0.32752397868935146,1.3017245934494223e-271
-9.29572039813478,0.2939966544849057,2.5966117255073084e-269
-9.28485037383765,0.2631838290983974,5.06255946997056e-267
-9.27398034954052,0.2349589649037761,9.647359945439831e-265
-9.263110325243389,0.209190475195206,1.7968923012001167e-262
-9.25224030094626,0.18574471862329273,3.2712281499782e-260
-9.241370276649128,0.16448786502310575,5.820695004057366e-258
-9.230500252351998,0.1452868271063845,1.0123112760640285e-255
-9.219630228054868,0.12800954052393507,1.7207925938370537e-253
-9.208760203757738,0.11252490130368979,2.8590266612081142e-251
-9.197890179460607,0.09870264126734742,4.642833466281262e-249
-9.187020155163475,0.08641335561828713,7.369249008101365e-247
-9.176150130866349,0.07552881307095197,1.143243082184007e-244
-9.165280106569218,0.06592259596054634,1.7335212044292546e-242
-9.154410082272088,0.05747104807227576,2.569182533989569e-240
-9.143540057974958,0.05005445705598234,3.721653965950505e-238
-9.132670033677828,0.04355836660795312,5.269291785309093e-236
-9.121800009380696,0.037874898769386274,7.29195087784987e-234
-9.110929985083567,0.032903965919799286,9.863032179818397e-232
-9.100059960786435,0.02855426322530966,1.3039243517516717e-229
-9.089189936489309,0.024743953928493424,1.6848823216966982e-227
-9.078319912192176,0.02140099020290085,2.127952763542339e-225
-9.067449887895048,0.018463048528802845,2.6268158383561106e-223
-9.056579863597918,0.01587709650614502,3.169366794849862e-221
-9.045709839300788,0.01359864268022031,3.7375810263757815e-219
-9.034839815003656,0.011590747516529868,4.308082049284813e-217
-9.023969790706529,0.009822888749389096,4.853472280744995e-215
-9.013099766409397,0.008269776810659796,5.34436831466042e-213
-9.002229742112267,0.006910207168966424,5.751954581581163e-211
-8.991359717815136,0.00572601926231068,6.050757641158363e-209
-8.980489693518006,0.004701210237607939,6.221273746540505e-207
-8.969619669220876,0.0038212296964237665,6.252074009151869e-205
-8.958749644923746,0.0030724619304668558,6.141071535016635e-203
-8.947879620626615,0.002441886308241826,5.895755315662357e-201
-8.937009596329485,0.0019168950085787066,5.5323544496238915e-199
-8.926139572032357,0.001485239902509049,5.0740623021150806e-197
-8.915269547735226,0.0011350764685285728,4.5485905929400765e-195
-8.904399523438096,0.0008550716073000653,3.9854114062563566e-193
-8.893529499140966,0.0006345436608367069,3.413066337703762e-191
-8.882659474843836,0.00046360649642530617,2.856877123838709e-189
-8.871789450546705,0.00033329481623611064,2.3372956890960067e-187
-8.860919426249575,0.00023565438872119297,1.8690074043495627e-185
-8.850049401952445,0.0001637879874381709,1.4607761041266618e-183
-8.839179377655315,0.0001118546861106626,1.1159161504920977e-181
-8.828309353358186,7.502604829943766e-05,8.332105238990716e-180
-8.817439329061056,4.9407096849157224e-05,6.080694855838575e-178
-8.806569304763926,3.193246385755905e-05,4.337374846788316e-176
-8.795699280466795,2.0248828860198623e-05,3.023959638037101e-174
-8.784829256169665,1.259394106419121e-05,2.0606314063127024e-172
-8.773959231872535,7.680651812310951e-06,1.3724607531069169e-170
-8.763089207575405,4.591972931627443e-06,8.934594633206717e-169
-8.752219183278275,2.6906951653347767e-06,5.684929405126137e-167
-8.741349158981144,1.5449021150605806e-06,3.535498096036706e-165
-8.730479134684014,8.690077019111088e-07,2.1490744117912254e-163
-8.719609110386884,4.788001429990255e-07,1.2768139468964575e-161
-8.708739086089754,2.583574636852862e-07,7.414452844360091e-160
-8.697869061792623,1.36507878829628e-07,4.208292592633854e-158
-8.686999037495495,7.061606693893366e-08,2.3345763671265813e-156
-8.676129013198365,3.5760401350415435e-08,1.2658597341216375e-154
-8.665258988901234,1.7725669703363705e-08,6.708701006919401e-153
-8.654388964604104,8.59917370006753e-09,3.4750947115459306e-151
-8.643518940306974,4.082448205322443e-09,1.7594228165365179e-149
-8.632648916009844,1.8965051459113205e-09,8.706611522972516e-148
-8.621778891712713,8.620239950791814e-10,4.211177010783923e-146
-8.610908867415583,3.833382438177295e-10,1.990825601678116e-144
-8.600038843118453,1.667671574329804e-10,9.198951679946899e-143
-8.589168818821324,7.097003832227154e-11,4.154501004434577e-141
-8.578298794524194,2.954258451299148e-11,1.8338964911791805e-139
-8.567428770227064,1.202834107679967e-11,7.91236298103615e-138
-8.556558745929934,4.789868189632872e-12,3.3366682458456143e-136
-8.545688721632803,1.865436689373535e-12,1.3752932438001866e-134
-8.534818697335673,7.104880275377314e-13,5.5405523004996214e-133
-8.523948673038543,2.6462690177988334e-13,2.1816560847072044e-131
-8.513078648741413,9.638185281156956e-14,8.396436663035377e-130
-8.502208624444282,3.4326139107510115e-14,3.158488163433936e-128
-8.491338600147152,1.1953871999223557e-14,1.1612855378640213e-126
-8.480468575850022,4.070360218115972e-15,4.1732492545559494e-125
-8.469598551552892,1.3551436991062213e-15,1.465835353357228e-123
-8.458728527255762,4.4111793377188826e-16,5.032359264385694e-122
-8.447858502958631,1.4038813438941995e-16,1.688626819752224e-120
-8.436988478661503,4.36820166430089e-17,5.538234565112048e-119
-8.426118454364373,1.3288089686439435e-17,1.77535271620397e-117
-8.415248430067242,3.9518613786618375e-18,5.562545989878413e-116
-8.404378405770112,1.1489799567165972e-18,1.7034848156041218e-114
-8.393508381472982,3.265785847785093e-19,5.09892507312015e-113
-8.382638357175852,9.074462083112969e-20,1.4917454827910485e-111
-8.371768332878721,2.464937717619949e-20,4.265663551642133e-110
-8.360898308581591,6.545416330107163e-21,1.1922141153912402e-108
-8.350028284284463,1.69906378278101e-21,3.25684992001083e-107
-8.339158259987332,4.311400599673874e-22,8.695951135203024e-106
-8.328288235690202,1.069446167949066e-22,2.2694066704013385e-104
-8.317418211393072,2.593147588651065e-23,5.788732633926724e-103
-8.306548187095942,6.146381388632636e-24,1.4432136264679957e-101
-8.295678162798811,1.4240729239569941e-24,3.5168492736417465e-100
-8.284808138501681,3.2252409145317936e-25,8.376313774871434e-99
-8.273938114204551,7.140132870512355e-26,1.9499712611431718e-97
-8.26306808990742,1.5451186922832434e-26,4.43689980536407e-96
-8.25219806561029,3.2683325797969e-27,9.867501902385715e-95
-8.24132804131316,6.757671838137306e-28,2.144919778763149e-93
-8.23045801701603,1.3657531199843026e-28,4.557127517507004e-92
-8.2195879927189,2.698046968309085e-29,9.463410027331586e-91
-8.20871796842177,5.209872727029048e-30,1.9207929048494527e-89
-8.197847944124641,9.833390079490763e-31,3.8105696180243426e-88
-8.18697791982751,1.8141631277598743e-31,7.388832081897648e-87
-8.17610789553038,3.2714840481889937e-32,1.400355502470482e-85
-8.16523787123325,5.766433375870737e-33,2.5940449068459615e-84
-8.15436784693612,9.934875969086888e-34,4.696706678496677e-83
-8.14349782263899,1.6730507398625483e-34,8.311630503709611e-82
-8.13262779834186,2.753887191616656e-35,1.4376591949170158e-80
-8.12175777404473,4.43070168514702e-36,2.430539497566562e-79
-8.1108877497476,6.967664627260389e-37,4.0163035915443212e-78
-8.10001772545047,1.0709999079027072e-37,6.486756543712754e-77
-8.08914770115334,1.6090823113288617e-38,1.0240142109917124e-75
-8.07827767685621,2.362941365761665e-39,1.5800171472361624e-74
-8.06740765255908,3.3916635684039104e-40,2.3828415548338228e-73
-8.05653762826195,4.758357355244049e-41,3.5124180655805915e-72
-8.04566760396482,6.525070176250031e-42,5.060518781081802e-71
-8.03479757966769,8.74574042601733e-43,7.12626254122628e-70
-8.023927555370559,1.1457522135972775e-43,9.808592185440047e-69
-8.013057531073429,1.4671247715280723e-44,1.3195619134653882e-67
-8.002187506776298,1.836221850831203e-45,1.7351269668392933e-66
-7.991317482479169,2.246283533985295e-46,2.2300330969834435e-65
-7.980447458182039,2.685869529549394e-47,2.80136756737622e-64
-7.969577433884909,3.1389600610747334e-48,3.439598958235865e-63
-7.958707409587779,3.585641411853037e-49,4.12785698297597e-62
-7.947837385290649,4.0033888940176127e-50,4.841955597115515e-61
-7.936967360993519,4.3688613244634444e-51,5.551323132279456e-60
-7.926097336696388,4.660022452843201e-52,6.220882323049519e-59
-7.915227312399258,4.858327232540736e-53,6.81377014622223e-58
-7.904357288102128,4.950673377757815e-54,7.294629527396134e-57
-7.893487263804998,4.930833205290326e-55,7.633075124372015e-56
-7.8826172395078675,4.800148355870105e-56,7.806864646862512e-55
-7.871747215210738,4.567379707565869e-57,7.804316535096826e-54
-7.860877190913608,4.247735813354095e-58,7.6256088765175145e-53
-7.850007166616478,3.8612295854878267e-59,7.282758855530248e-52
-7.839137142319348,3.430609893648905e-60,6.798286025866246e-51
-7.828267118022218,2.979164451300401e-61,6.202766018686454e-50
-7.817397093725088,2.5286860152028146e-62,5.531643868354493e-49
-7.806527069427958,2.0978406246634834e-63,4.821767620650333e-48
-7.795657045130827,1.7010892745159992e-64,4.1081095556447284e-47
-7.784787020833697,1.3482133885063055e-65,3.4210693837525757e-46
-7.773916996536567,1.044400257948595e-66,2.7846226071077136e-45
-7.763046972239437,7.907733217850322e-68,2.2154191287137968e-44
-7.752176947942307,5.852125847260814e-69,1.722784977268744e-43
-7.741306923645177,4.2330346623752365e-70,1.309460556296302e-42
-7.730436899348047,2.9927223687590663e-71,9.728379816452415e-42
-7.719566875050917,2.0680326649034001e-72,7.064411352251033e-41
-7.708696850753787,1.3967691861143416e-73,5.01417459530509e-40
-7.697826826456657,9.220789672656626e-75,3.478657057332115e-39
-7.686956802159527,5.949599629322624e-76,2.3589198715330985e-38
-7.6760867778623965,3.7521782604160654e-77,1.5635253508431176e-37
-7.665216753565266,2.3128913108318166e-78,1.0129491134137839e-36
-7.654346729268136,1.3934871695600868e-79,6.414490026587088e-36
-7.643476704971006,8.205908375498963e-81,3.9703549184770706e-35
-7.632606680673876,4.723090272332521e-82,2.402094864803914e-34
-7.621736656376746,2.6570619496940975e-83,1.420514244033831e-33
-7.610866632079616,1.4610091134060139e-84,8.211012009619458e-33
-7.5999966077824865,7.851993714640547e-86,4.639215405881207e-32
-7.589126583485356,4.124608192290589e-87,2.5620659579425583e-31
-7.578256559188226,2.117684034178878e-88,1.3830415200449788e-30
-7.567386534891096,1.0627113023052857e-89,7.297608658032846e-30
-7.556516510593966,5.21248817278111e-91,3.7638103434187714e-29
-7.545646486296835,2.498909249799713e-92,1.8974841192105179e-28
-7.534776461999705,1.170931475491982e-93,9.350468178998282e-28
-7.523906437702575,5.3627561051231696e-95,4.503964637666838e-27
-7.513036413405445,2.4006019766193856e-96,2.1206290742803674e-26
-7.502166389108315,1.0503349082737525e-97,9.759878051946021e-26
-7.491296364811185,4.491702123245146e-99,4.390721963511408e-25
-7.480426340514056,1.8774552069346632e-100,1.9308182256068916e-24
-7.469556316216925,7.670147100507721e-102,8.299709954023584e-24
-7.458686291919795,3.062762054337464e-103,3.4874084434518844e-23
-7.447816267622665,1.1953587459518019e-104,1.4323974231170285e-22
-7.436946243325535,4.559935459881279e-106,5.751056891961937e-22
-7.426076219028404,1.7001785853299375e-107,2.2571373114907007e-21
-7.415206194731274,6.195919815297534e-109,8.659591933160509e-21
-7.404336170434144,2.2069496499336386e-110,3.2476494835807724e-20
-7.393466146137015,7.683417636441263e-112,1.1906291353882176e-19
-7.382596121839884,2.614519127857099e-113,4.267004332346091e-19
-7.371726097542754,8.695700346112911e-115,1.4949020112577075e-18
-7.360856073245625,2.826784213888265e-116,5.1197593920589775e-18
-7.3499860489484945,8.98164923707597e-118,1.7141072050267582e-17
-7.339116024651364,2.789297624079065e-119,5.610257135331502e-17
-7.328246000354234,8.466598188364e-121,1.795101582258305e-16
-7.317375976057104,2.511876950243733e-122,5.615162026694633e-16
-7.306505951759973,7.2838850700544635e-124,1.7171511496820939e-15
-7.295635927462843,2.0644440383395848e-125,5.133743822579152e-15
-7.284765903165713,5.718978259060153e-127,1.5005356402284797e-14
-7.273895878868584,1.5484923762565227e-128,4.287977757017508e-14
-7.263025854571453,4.098028624602564e-130,1.1980119274805934e-13
-7.252155830274323,1.0600251980406949e-131,3.2725121271544656e-13
-7.241285805977194,2.6799869018633765e-133,8.740229915835431e-13
-7.230415781680064,6.622537567784463e-135,2.2824268422173955e-12
-7.219545757382933,1.5995265845521412e-136,5.827943721376093e-12
-7.208675733085803,3.7760154593929904e-138,1.4550959249326851e-11
-7.197805708788673,8.712671312284435e-140,3.55255200276706e-11
-7.186935684491543,1.964916772181198e-141,8.481607994351929e-11
-7.176065660194412,4.33123999134488e-143,1.9802642255969015e-10
-7.165195635897282,9.331588808883735e-145,4.521636933976025e-10
-7.154325611600153,1.965052657731642e-146,1.0097612679242727e-09
-7.143455587303023,4.044529832905961e-148,2.2055551452259578e-09
-7.132585563005892,8.136490892284753e-150,4.712184924310797e-09
-7.121715538708763,1.5998581900706536e-151,9.848378215004781e-09
-7.110845514411633,3.0746881912447034e-153,2.0136421669157482e-08
-7.099975490114503,5.775584120041819e-155,4.02825877290412e-08
-7.089105465817372,1.0603908908249436e-156,7.885298603735104e-08
-7.078235441520242,1.9028795648090226e-158,1.5105662223552265e-07
-7.067365417223112,3.3375813019719893e-160,2.832339944287784e-07
-7.0564953929259815,5.721733703110536e-162,5.198851639458926e-07
-7.045625368628851,9.587351796307078e-164,9.343491267471334e-07
-7.034755344331722,1.5701636505383305e-165,1.644547687071115e-06
-7.023885320034592,2.513427756777154e-167,2.8354996385067717e-06
-7.013015295737461,3.9324492398484946e-169,4.790552041223106e-06
-7.002145271440332,6.013607430280766e-171,7.933420865752944e-06
-6.991275247143202,8.988397101300942e-173,1.2883155972527305e-05
-6.980405222846072,1.313120725320571e-174,2.0524059276918266e-05
-6.969535198548941,1.8750043853432213e-176,3.209247194208834e-05
-6.958665174251811,2.616827804775e-178,4.9282375805371855e-05
-6.947795149954681,3.569630212954409e-180,7.43721817086922e-05
-6.936925125657551,4.759337864043618e-182,0.0001103762112304614
-6.92605510136042,6.202190017448804e-184,0.0001612265051176581
-6.915185077063291,7.899849580648574e-186,0.0002319938672568621
-6.904315052766161,9.834851323388728e-188,0.000329161380551026
-6.893445028469031,1.1967184803708753e-189,0.0004609685669071146
-6.882575004171901,1.4232835102472852e-191,0.0006378490987178571
-6.871704979874771,1.6544972843949111e-193,0.0008729884284543205
-6.860834955577641,1.8798185023668204e-195,0.0011830287733049602
-6.84996493128051,2.0875697783972567e-197,0.0015889467451783714
-6.83909490698338,2.265902932675078e-199,0.0021171233366690002
-6.82822488268625,2.4039023448039807e-201,0.0028006175589869032
-6.81735485838912,2.4926859127571423e-203,0.0036806451406990012
-6.8064848340919895,2.5263499906621787e-205,0.004808254086921454
-6.79561480979486,2.5026187287947283e-207,0.006246181040432671
-6.78474478549773,2.4230985768973912e-209,0.008070866690746387
-6.7738747612006,2.2930984041078044e-211,0.01037460367676116
-6.76300473690347,2.1210432228956748e-213,0.013267783442622964
-6.75213471260634,1.9175714816139523e-215,0.016881195025179273
-6.74126468830921,1.694450250055982e-217,0.02136830455923615
-6.73039466401208,1.4634614897234137e-219,0.02690740706222901
-6.719524639714949,1.2354039660907304e-221,0.03370349312575683
-6.708654615417819,1.019323178435719e-223,0.041989618511468374
-6.697784591120689,8.220344606296867e-226,0.05202751481256259
-6.686914566823559,6.479527895320541e-228,0.06410714756595876
-6.676044542526429,4.991969453541487e-230,0.0785449276123927
-6.665174518229299,3.759029116963622e-232,0.09568032170247444
-6.654304493932169,2.7666528918410195e-234,0.11587069254400481
-6.643434469635039,1.9902556981223997e-236,0.13948432206028769
-6.632564445337909,1.3993884704628121e-238,0.166891722575809
-6.621694421040779,9.617073199054362e-241,0.19845550168331172
-6.610824396743649,6.459854949983406e-243,0.23451919810663177
-6.599954372446518,4.24109329115692e-245,0.27539562896129993
-6.589084348149388,2.7214985008433332e-247,0.3213553669981657
-6.578214323852258,1.7069216521603257e-249,0.37261598684906566
-6.5673442995551286,1.046391708381869e-251,0.4293326733695417
-6.556474275257998,6.2697497383227154e-254,0.4915906696961166
-6.545604250960868,3.6718196054904577e-256,0.5593998620757665
-6.534734226663738,2.1017820602078795e-258,0.6326915679543834
-6.523864202366608,1.1758968828016407e-260,0.7113173409989887
-6.512994178069478,6.430222655514929e-263,0.7950493712898327
-6.502124153772348,3.436829576893945e-265,0.8835818868318067
-6.491254129475218,1.7954164370975416e-267,0.9765328960020201
-6.480384105178088,9.167430162495566e-270,1.073445675445438
-6.469514080880957,4.5751489446823156e-272,1.1737896030196946
-6.458644056583827,2.2317116354124117e-274,1.276960228017133
-6.447774032286698,1.0640110342030918e-276,1.3822788022350336
-6.436904007989567,4.958261174791595e-279,1.4889917951548663
-6.426033983692437,2.2583324782038855e-281,1.5962711224753783
-6.415163959395307,1.0053599369093752e-283,1.7032158939849305
-6.404293935098177,4.374520767587605e-286,1.8088564347128824
-6.393423910801047,1.8604354395045762e-288,1.9121611854588478
-6.382553886503917,7.733461687049e-291,2.0120468951102395
-6.371683862206787,3.1420166787675466e-293,2.1073923228569535
-6.360813837909657,1.2477231906388634e-295,2.197055495305686
-6.349943813612526,4.84287457431595e-298,2.2798944025803873
-6.339073789315396,1.837229494534963e-300,2.3547908367967607
-6.328203765018267,6.812379126379685e-303,2.4206768412623014
-6.3173337407211365,2.4689336757935134e-305,2.4765629365971202
-6.306463716424006,8.745713584384785e-308,2.521566946878849
-6.295593692126876,3.0280029264359e-310,2.5549419312008643
-6.284723667829746,1.024690108247e-312,2.5761015227624826
-6.273853643532616,3.38925316e-315,2.5846409701478743
-6.262983619235486,1.095698e-317,2.580352405510433
-6.252113594938356,3.4624e-320,2.563233313664061
-6.241243570641226,1.1e-322,2.5334877665674433
-6.230373546344096,0.0,2.4915206035505366
-6.219503522046965,0.0,2.437925261091322
-6.208633497749836,0.0,2.373466303534053
-6.197763473452706,0.0,2.299057851711796
-6.186893449155575,0.0,2.215739082695889
-6.176023424858445,0.0,2.124647852792069
-6.165153400561315,0.0,2.026993356758643
-6.1542833762641855,0.0,1.9240286347902076
-6.143413351967055,0.0,1.8170236894100256
-6.132543327669925,0.0,1.7072399512036682
-6.121673303372795,0.0,1.5959067876429422
-6.110803279075665,0.0,1.4842006401025434
-6.099933254778534,0.0,1.3732271852368585
-6.089063230481405,0.0,1.2640066705216797
-6.078193206184275,0.0,1.1574623234317052
-6.0673231818871445,0.0,1.0544115440347048
-6.056453157590014,0.0,0.955559512582871
-6.045583133292884,0.0,0.8614948939872257
-6.034713108995755,0.0,0.7726874753334247
-6.023843084698624,0.0,0.6894877718750654
-6.012973060401494,0.0,0.612128806831161
-6.002103036104364,0.0,0.5407303449036884
-5.991233011807234,0.0,0.47530580192785926
-5.980362987510103,0.0,0.41577186664487403
-5.969492963212974,0.0,0.3619605965543482
-5.958622938915844,0.0,0.3136334544712944
-5.947752914618714,0.0,0.2704965074306661
-5.936882890321583,0.0,0.23221587211406797
-5.926012866024453,0.0,0.19843248952439713
-5.915142841727324,0.0,0.16877544108564532
-5.9042728174301935,0.0,0.14287324462960801
-5.893402793133063,0.0,0.1203628406847718
-5.882532768835933,0.0,0.10089624359862805
-5.871662744538803,0.0,0.08414504555395019
-5.8607927202416725,0.0,0.06980310053242346
-5.849922695944543,0.0,0.05758777620664341
-5.839052671647413,0.0,0.04724015747008063
-5.828182647350283,0.0,0.03852453775254965
-5.817312623053152,0.0,0.03122746653631636
-5.806442598756022,0.0,0.025156551986894635
-5.795572574458893,0.0,0.020139157231418237
-5.784702550161763,0.0,0.016021081223353644
-5.773832525864632,0.0,0.012665279121879343
-5.762962501567502,0.0,0.009950649605048162
-5.752092477270372,0.0,0.0077708949631717815
-5.741222452973242,0.0,0.006033443266604339
-5.730352428676112,0.0,0.00465841094785196
-5.719482404378982,0.0,0.003577579877923073
-5.708612380081852,0.0,0.002733365927268881
-5.6977423557847215,0.0,0.002077765192054835
-5.686872331487591,0.0,0.0015712771986714984
-5.676002307190462,0.0,0.0011818182271274586
-5.665132282893332,0.0,0.0008836491470325929
-5.6542622585962015,0.0,0.0006563484132164877
-5.643392234299071,0.0,0.00048386109960577456
-5.632522210001941,0.0,0.0003536495441883809
-5.621652185704811,0.0,0.0002559620040229885
-5.610782161407681,0.0,0.00018322494436799876
-5.599912137110551,0.0,0.00012955443391452862
-5.589042112813421,0.0,9.037426166338878e-05
-5.578172088516291,0.0,6.21236875099692e-05
-5.56730206421916,0.0,4.203622488611157e-05
-5.556432039922031,0.0,2.7971940453768132e-05
-5.545562015624901,0.0,1.8288520501762536e-05
-5.534691991327771,0.0,1.1739832023984881e-05
-5.52382196703064,0.0,7.394108143929515e-06
-5.51295194273351,0.0,4.56670584831032e-06
-5.50208191843638,0.0,2.7644050339337523e-06
-5.4912118941392505,0.0,1.6394603778458512e-06
-5.48034186984212,0.0,9.522414814005603e-07
-5.46947184554499,0.0,5.415141725147723e-07
-5.45860182124786,0.0,3.014246089763998e-07
-5.4477317969507295,0.0,1.6419513407196623e-07
-5.4368617726536,0.0,8.751358515273731e-08
-5.42599174835647,0.0,4.5630722363259606e-08
-5.41512172405934,0.0,2.3272829253359642e-08
-5.404251699762209,0.0,1.1609216671487928e-08
-5.393381675465079,0.0,5.663406507672808e-09
-5.382511651167949,0.0,2.7017113874218058e-09
-5.37164162687082,0.0,1.2602509883459398e-09
-5.360771602573689,0.0,5.747868828216947e-10
-5.349901578276559,0.0,2.563107797797881e-10
-5.339031553979429,0.0,1.1174259243040005e-10
-5.328161529682299,0.0,4.7626286978448594e-11
-5.317291505385169,0.0,1.984437009325485e-11
-5.306421481088039,0.0,8.083118117943966e-12
-5.295551456790909,0.0,3.21855968275654e-12
-5.2846814324937785,0.0,1.2527852843079252e-12
-5.273811408196648,0.0,4.766688080210477e-13
-5.262941383899518,0.0,1.7728640149366618e-13
-5.252071359602389,0.0,6.445359822596574e-14
-5.241201335305258,0.0,2.2904834256191224e-14
-5.230331311008128,0.0,7.956301124151783e-15
-5.219461286710998,0.0,2.7014424451327317e-15
-5.208591262413868,0.0,8.965562167562558e-16
-5.197721238116738,0.0,2.908398359233989e-16
-5.186851213819608,0.0,9.22194279781776e-17
-5.175981189522478,0.0,2.858123835155409e-17
-5.165111165225348,0.0,8.658206206126841e-18
-5.154241140928217,0.0,2.5636662375027423e-18
-5.143371116631087,0.0,7.419597203193616e-19
-5.132501092333958,0.0,2.098858898797861e-19
-5.121631068036828,0.0,5.803221681748375e-20
-5.110761043739697,0.0,1.5683289107941944e-20
-5.099891019442567,0.0,4.142727683230021e-21
-5.089020995145437,0.0,1.0695870993955821e-21
-5.078150970848308,0.0,2.699142577602441e-22
-5.067280946551177,0.0,6.657556201930156e-23
-5.056410922254047,0.0,1.6050283741707795e-23
-5.045540897956917,0.0,3.782065240030238e-24
-5.0346708736597865,0.0,8.710706260485571e-25
-5.023800849362656,0.0,1.960899971713765e-25
-5.012930825065527,0.0,4.314544349151516e-26
-5.002060800768397,0.0,9.278795482997662e-27
-4.991190776471266,0.0,1.950406823221697e-27
-4.980320752174136,0.0,4.0071495635129436e-28
-4.969450727877006,0.0,8.046786152204597e-29
-4.958580703579877,0.0,1.5793768709848645e-29
-4.947710679282746,0.0,3.0298794961823845e-30
-4.936840654985616,0.0,5.681213172795047e-31
-4.925970630688486,0.0,1.0411968697226617e-31
-4.915100606391356,0.0,1.8650933188574745e-32
-4.904230582094225,0.0,3.265458277222265e-33
-4.893360557797096,0.0,5.588091361126675e-34
-4.882490533499966,0.0,9.346705886724352e-35
-4.871620509202836,0.0,1.5280209835559455e-35
-4.860750484905705,0.0,2.4416064885784647e-36
-4.849880460608575,0.0,3.813270274878675e-37
-4.839010436311446,0.0,5.820965575509667e-38
-4.828140412014315,0.0,8.684962817338442e-39
-4.817270387717185,0.0,1.2665325454913006e-39
-4.806400363420055,0.0,1.8052617278383916e-40
-4.795530339122925,0.0,2.515008177761896e-41
-4.7846603148257945,0.0,3.424632798449407e-42
-4.773790290528665,0.0,4.557891536768584e-43
-4.762920266231535,0.0,5.929107270242544e-44
-4.752050241934405,0.0,7.538587173784204e-45
-4.741180217637274,0.0,9.368410953475905e-46
-4.730310193340144,0.0,1.1379343612144488e-46
-4.719440169043015,0.0,1.3509640302921756e-47
-4.7085701447458845,0.0,1.5676375109693567e-48
-4.697700120448754,0.0,1.7779632745229876e-49
-4.686830096151624,0.0,1.970948134174853e-50
-4.675960071854494,0.0,2.135516198965686e-51
-4.665090047557364,0.0,2.2615479635974538e-52
-4.654220023260234,0.0,2.3409060760496335e-53
-4.643349998963104,0.0,2.3683038650087452e-54
-4.632479974665974,0.0,2.3418879033887e-55
-4.621609950368844,0.0,2.2634454072592877e-56
-4.610739926071713,0.0,2.1382042221891087e-57
-4.599869901774584,0.0,1.9742565004378353e-58
-4.588999877477454,0.0,1.7816943514412429e-59
-4.578129853180323,0.0,1.5715856695320667e-60
-4.567259828883193,0.0,1.3549340141603832e-61
-4.556389804586063,0.0,1.1417564072864038e-62
-4.545519780288933,0.0,9.403813222570359e-64
-4.534649755991803,0.0,7.570241871705927e-65
-4.523779731694673,0.0,5.95649441685668e-66
-4.512909707397543,0.0,4.5808592075932636e-67
-4.502039683100413,0.0,3.4433278037548093e-68
-4.491169658803282,0.0,2.5297931623527357e-69
-4.480299634506153,0.0,1.8166316581992554e-70
-4.469429610209023,0.0,1.275040443099472e-71
-4.4585595859118925,0.0,8.746942268279469e-73
-4.447689561614762,0.0,5.864942745903292e-74
-4.436819537317632,0.0,3.843673683040148e-75
-4.425949513020502,0.0,2.4620930358008e-76
-4.415079488723372,0.0,1.5414790441645768e-77
-4.404209464426242,0.0,9.432916841622536e-79
-4.393339440129112,0.0,5.641954790360164e-80
-4.382469415831982,0.0,3.2982867693662867e-81
-4.371599391534851,0.0,1.8846141095306092e-82
-4.360729367237722,0.0,1.0525232019838164e-83
-4.349859342940592,0.0,5.745345264832816e-85
-4.338989318643462,0.0,3.0653198748367005e-86
-4.328119294346331,0.0,1.598492796699167e-87
-4.317249270049201,0.0,8.147432664613296e-89
-4.306379245752071,0.0,4.0588788624016935e-90
-4.2955092214549415,0.0,1.9763625400350946e-91
-4.284639197157811,0.0,9.405943181312723e-93
-4.273769172860681,0.0,4.3753550595136084e-94
-4.262899148563551,0.0,1.9892962589619728e-95
-4.2520291242664205,0.0,8.840174614049748e-97
-4.241159099969291,0.0,3.8397012417639724e-98
-4.230289075672161,0.0,1.6300811986167463e-99
-4.219419051375031,0.0,6.763885630017175e-101
-4.2085490270779005,0.0,2.7432064038694566e-102
-4.19767900278077,0.0,1.087416527438854e-103
-4.18680897848364,0.0,4.21316614845072e-105
-4.175938954186511,0.0,1.5954987041032343e-106
-4.16506892988938,0.0,5.905538953665275e-108
-4.15419890559225,0.0,2.1364750933946627e-109
-4.14332888129512,0.0,7.55459771595766e-111
-4.13245885699799,0.0,2.610959075810309e-112
-4.12158883270086,0.0,8.819906870595923e-114
-4.11071880840373,0.0,2.912078963685453e-115
-4.0998487841066,0.0,9.397611943387038e-117
-4.08897875980947,0.0,2.964197121591735e-118
-4.078108735512339,0.0,9.138435852951216e-120
-4.067238711215209,0.0,2.7536698343029085e-121
-4.05636868691808,0.0,8.110116247838886e-123
-4.0454986626209495,0.0,2.3346270033598444e-124
-4.034628638323819,0.0,6.568756188513247e-126
-4.023758614026689,0.0,1.8064418809552926e-127
-4.012888589729559,0.0,4.855568186919606e-129
-4.002018565432429,0.0,1.275649414442615e-130
-3.991148541135299,0.0,3.275652504060534e-132
-3.980278516838169,0.0,8.221281636445873e-134
-3.969408492541039,0.0,2.0167703202006645e-135
-3.958538468243909,0.0,4.835579966101027e-137
-3.947668443946778,0.0,1.1332243836602852e-138
-3.936798419649649,0.0,2.5957237131868358e-140
-3.925928395352519,0.0,5.8113392810109435e-142
-3.915058371055388,0.0,1.2716547302212485e-143
-3.904188346758258,0.0,2.7198027187919627e-145
-3.893318322461128,0.0,5.685658997614243e-147
-3.8824482981639994,0.0,1.1617145457587508e-148
-3.871578273866868,0.0,2.320028170413291e-150
-3.860708249569738,0.0,4.528582689925583e-152
-3.849838225272608,0.0,8.639857089907568e-154
-3.8389682009754775,0.0,1.6111130988009953e-155
-3.8280981766783473,0.0,2.936437158317455e-157
-3.817228152381218,0.0,5.231070901194979e-159
-3.806358128084088,0.0,9.108266194138082e-161
-3.795488103786957,0.0,1.5500868631345142e-162
-3.784618079489827,0.0,2.5784075818860123e-164
-3.773748055192697,0.0,4.19201006103304e-166
-3.762878030895568,0.0,6.661442383119908e-168
-3.752008006598437,0.0,1.0346404378134723e-169
-3.741137982301307,0.0,1.5706732003126156e-171
-3.730267958004177,0.0,2.3305446711527374e-173
-3.719397933707047,0.0,3.3799030477789657e-175
-3.708527909409917,0.0,4.791001056123462e-177
-3.697657885112787,0.0,6.637789920190226e-179
-3.686787860815657,0.0,8.988680685821502e-181
-3.675917836518527,0.0,1.1897168572170056e-182
-3.665047812221396,0.0,1.5390987675708168e-184
-3.654177787924266,0.0,1.94609742718057e-186
-3.6433077636271367,0.0,2.40512625611837e-188
-3.6324377393300074,0.0,2.9052692883618854e-190
-3.621567715032876,0.0,3.430126366355439e-192
-3.610697690735746,0.0,3.958303216726242e-194
-3.599827666438616,0.0,4.464606750638105e-196
-3.588957642141485,0.0,4.921897631502654e-198
-3.578087617844356,0.0,5.303433831868576e-200
-3.567217593547226,0.0,5.5854342733663215e-202
-3.556347569250096,0.0,5.7495247697976534e-204
-3.5454775449529654,0.0,5.78471764762971e-206
-3.534607520655835,0.0,5.688628794557494e-208
-3.523737496358706,0.0,5.467744816142664e-210
-3.512867472061576,0.0,5.136698703088261e-212
-3.5019974477644453,0.0,4.716666399513117e-214
-3.491127423467315,0.0,4.2331283956852745e-216
-3.480257399170185,0.0,3.7133247731888995e-218
-3.4693873748730546,0.0,3.1837550104254605e-220
-3.458517350575925,0.0,2.6680352352663407e-222
-3.447647326278795,0.0,2.1853383791702586e-224
-3.4367773019816648,0.0,1.7495285660151953e-226
-3.4259072776845345,0.0,1.368984704478176e-228
-3.4150372533874043,0.0,1.0470112943800597e-230
-3.404167229090275,0.0,7.826711941612121e-233
-3.3932972047931447,0.0,5.718505544489449e-235
-3.3824271804960144,0.0,4.083767003779277e-237
-3.371557156198884,0.0,2.850457551048146e-239
-3.360687131901754,0.0,1.9446587982244077e-241
-3.349817107604624,0.0,1.2967237363941158e-243
-3.3389470833074943,0.0,8.451362328773323e-246
-3.328077059010364,0.0,5.38370425695473e-248
-3.317207034713234,0.0,3.35205303379134e-250
-3.306337010416104,0.0,2.0399324208353662e-252
-3.2954669861189734,0.0,1.2133773739708045e-254
-3.284596961821844,0.0,7.054256015934492e-257
-3.2737269375247138,0.0,4.0084987724557264e-259
-3.2628569132275835,0.0,2.226319578255943e-261
-3.2519868889304533,0.0,1.2085607033029376e-263
-3.241116864633323,0.0,6.412459647686692e-266
-3.230246840336193,0.0,3.3254929717739316e-268
-3.2193768160390634,0.0,1.6856314914079572e-270
-3.208506791741933,0.0,8.351114747324938e-273
-3.197636767444803,0.0,4.0439099743060606e-275
-3.1867667431476727,0.0,1.9139637991796127e-277
-3.1758967188505425,0.0,8.854033739788175e-280
-3.165026694553413,0.0,4.003352563199044e-282
-3.154156670256283,0.0,1.7692195016516356e-284
-3.1432866459591526,0.0,7.642136837158907e-287
-3.1324166216620224,0.0,3.2264364432438586e-289
-3.121546597364892,0.0,1.3313941122256069e-291
-3.110676573067762,0.0,5.3698896666769546e-294
-3.099806548770633,0.0,2.116894944590818e-296
-3.0889365244735023,0.0,8.156586794605684e-299
-3.078066500176372,0.0,3.0717992559757224e-301
-3.067196475879242,0.0,1.130713071162129e-303
-3.056326451582112,0.0,4.068058666403603e-306
-3.0454564272849822,0.0,1.4305308067996733e-308
-3.034586402987852,0.0,4.9167987809134e-311
-3.0237163786907217,0.0,1.6517444965e-313
-3.0128463543935915,0.0,5.42348587e-316
-3.0019763300964613,0.0,1.740564e-318
-2.991106305799331,0.0,5.46e-321
-2.9802362815022017,0.0,1.5e-323
-2.9693662572050714,0.0,0.0
-2.958496232907941,0.0,0.0
-2.947626208610811,0.0,0.0
-2.9367561843136807,0.0,0.0
-2.9258861600165518,0.0,0.0
-2.915016135719421,0.0,0.0
-2.904146111422291,0.0,0.0
-2.8932760871251606,0.0,0.0
-2.8824060628280304,0.0,0.0
-2.8715360385309,0.0,0.0
-2.8606660142337708,0.0,0.0
-2.8497959899366405,0.0,0.0
-2.8389259656395103,0.0,0.0
-2.82805594134238,0.0,0.0
-2.81718591704525,0.0,0.0
-2.8063158927481204,0.0,0.0
-2.79544586845099,0.0,0.0
-2.78457584415386,0.0,0.0
-2.7737058198567297,0.0,0.0
-2.7628357955595995,0.0,0.0
-2.751965771262469,0.0,0.0
-2.74109574696534,0.0,0.0
-2.7302257226682096,0.0,0.0
-2.71935569837108,0.0,0.0
-2.708485674073949,0.0,0.0
-2.697615649776819,0.0,0.0
-2.686745625479689,0.0,0.0
-2.6758756011825597,0.0,0.0
-2.665005576885429,0.0,0.0
-2.654135552588299,0.0,0.0
-2.643265528291169,0.0,0.0
-2.6323955039940383,0.0,0.0
-2.621525479696908,0.0,0.0
-2.610655455399778,0.0,0.0
-2.599785431102648,0.0,0.0
-2.588915406805519,0.0,0.0
-2.578045382508389,0.0,0.0
-2.567175358211258,0.0,0.0
-2.5563053339141284,0.0,0.0
-2.545435309616998,0.0,0.0
-2.534565285319868,0.0,0.0
-2.5236952610227377,0.0,0.0
-2.5128252367256074,0.0,0.0
-2.501955212428477,0.0,0.0
-2.491085188131347,0.0,0.0
-2.4802151638342167,0.0,0.0
-2.469345139537088,0.0,0.0
-2.458475115239958,0.0,0.0
-2.447605090942828,0.0,0.0
-2.436735066645697,0.0,0.0
-2.4258650423485677,0.0,0.0
-2.414995018051437,0.0,0.0
-2.4041249937543068,0.0,0.0
-2.3932549694571765,0.0,0.0
-2.3823849451600463,0.0,0.0
-2.371514920862916,0.0,0.0
-2.360644896565786,0.0,0.0
-2.3497748722686573,0.0,0.0
-2.338904847971527,0.0,0.0
-2.328034823674397,0.0,0.0
-2.3171647993772666,0.0,0.0
-2.3062947750801364,0.0,0.0
-2.295424750783006,0.0,0.0
-2.284554726485876,0.0,0.0
-2.2736847021887456,0.0,0.0
-2.2628146778916154,0.0,0.0
-2.251944653594485,0.0,0.0
-2.241074629297355,0.0,0.0
-2.2302046050002264,0.0,0.0
-2.219334580703096,0.0,0.0
-2.208464556405966,0.0,0.0
-2.197594532108836,0.0,0.0
-2.186724507811705,0.0,0.0
-2.175854483514575,0.0,0.0
-2.164984459217445,0.0,0.0
-2.1541144349203147,0.0,0.0
-2.1432444106231845,0.0,0.0
-2.1323743863260542,0.0,0.0
-2.121504362028924,0.0,0.0
-2.1106343377317955,0.0,0.0
-2.0997643134346653,0.0,0.0
-2.088894289137535,0.0,0.0
-2.078024264840405,0.0,0.0
-2.0671542405432746,0.0,0.0
-2.0562842162461443,0.0,0.0
-2.045414191949014,0.0,0.0
-2.034544167651884,0.0,0.0
-2.0236741433547536,0.0,0.0
-2.012804119057624,0.0,0.0
-2.001934094760493,0.0,0.0
-1.9910640704633649,0.0,0.0
-1.9801940461662344,0.0,0.0
-1.969324021869104,0.0,0.0
-1.958453997571974,0.0,0.0
-1.947583973274844,0.0,0.0
-1.9367139489777132,0.0,0.0
-1.9258439246805832,0.0,0.0
-1.914973900383453,0.0,0.0
-1.9041038760863227,0.0,0.0
-1.8932338517891925,0.0,0.0
-1.8823638274920624,0.0,0.0
-1.8714938031949335,0.0,0.0
-1.8606237788978035,0.0,0.0
-1.8497537546006733,0.0,0.0
-1.838883730303543,0.0,0.0
-1.8280137060064128,0.0,0.0
-1.8171436817092823,0.0,0.0
-1.8062736574121523,0.0,0.0
-1.795403633115022,0.0,0.0
-1.7845336088178918,0.0,0.0
-1.7736635845207616,0.0,0.0
-1.762793560223631,0.0,0.0
-1.7519235359265029,0.0,0.0
-1.7410535116293726,0.0,0.0
-1.7301834873322424,0.0,0.0
-1.719313463035112,0.0,0.0
-1.708443438737982,0.0,0.0
-1.6975734144408516,0.0,0.0
-1.6867033901437214,0.0,0.0
-1.6758333658465911,0.0,0.0
-1.664963341549461,0.0,0.0
-1.6540933172523309,0.0,0.0
-1.6432232929552004,0.0,0.0
-1.632353268658072,0.0,0.0
-1.6214832443609415,0.0,0.0
-1.6106132200638117,0.0,0.0
-1.5997431957666812,0.0,0.0
-1.588873171469551,0.0,0.0
-1.5780031471724207,0.0,0.0
-1.5671331228752905,0.0,0.0
-1.5562630985781605,0.0,0.0
-1.54539307428103,0.0,0.0
-1.5345230499838998,0.0,0.0
-1.5236530256867695,0.0,0.0
-1.512783001389641,0.0,0.0
-1.5019129770925108,0.0,0.0
-1.4910429527953806,0.0,0.0
-1.4801729284982503,0.0,0.0
-1.46930290420112,0.0,0.0
-1.4584328799039898,0.0,0.0
-1.4475628556068596,0.0,0.0
-1.4366928313097294,0.0,0.0
-1.4258228070125991,0.0,0.0
-1.4149527827154689,0.0,0.0
-1.4040827584183386,0.0,0.0
-1.3932127341212102,0.0,0.0
-1.38234270982408,0.0,0.0
-1.3714726855269497,0.0,0.0
-1.3606026612298194,0.0,0.0
-1.3497326369326892,0.0,0.0
-1.338862612635559,0.0,0.0
-1.3279925883384287,0.0,0.0
-1.3171225640412985,0.0,0.0
-1.3062525397441682,0.0,0.0
-1.295382515447038,0.0,0.0
-1.2845124911499075,0.0,0.0
-1.2736424668527793,0.0,0.0
-1.262772442555649,0.0,0.0
-1.2519024182585188,0.0,0.0
-1.2410323939613883,0.0,0.0
-1.2301623696642583,0.0,0.0
-1.219292345367128,0.0,0.0
-1.2084223210699978,0.0,0.0
-1.1975522967728676,0.0,0.0
-1.186682272475737,0.0,0.0
-1.175812248178607,0.0,0.0
-1.1649422238814768,0.0,0.0
-1.1540721995843484,0.0,0.0
-1.143202175287218,0.0,0.0
-1.132332150990088,0.0,0.0
-1.1214621266929576,0.0,0.0
-1.1105921023958274,0.0,0.0
-1.0997220780986972,0.0,0.0
-1.088852053801567,0.0,0.0
-1.077982029504437,0.0,0.0
-1.0671120052073064,0.0,0.0
-1.0562419809101762,0.0,0.0
-1.045371956613046,0.0,0.0
-1.0345019323159177,0.0,0.0
-1.0236319080187872,0.0,0.0
-1.012761883721657,0.0,0.0
-1.0018918594245267,0.0,0.0
-0.9910218351273964,0.0,0.0
-0.9801518108302664,0.0,0.0
-0.969281786533136,0.0,0.0
-0.9584117622360058,0.0,0.0
-0.9475417379388756,0.0,0.0
-0.9366717136417452,0.0,0.0
-0.925801689344615,0.0,0.0
-0.9149316650474866,0.0,0.0
-0.9040616407503564,0.0,0.0
-0.8931916164532261,0.0,0.0
-0.8823215921560958,0.0,0.0
-0.8714515678589656,0.0,0.0
-0.8605815435618354,0.0,0.0
-0.8497115192647051,0.0,0.0
-0.8388414949675749,0.0,0.0
-0.8279714706704446,0.0,0.0
-0.8171014463733144,0.0,0.0
-0.8062314220761841,0.0,0.0
-0.7953613977790557,0.0,0.0
-0.7844913734819254,0.0,0.0
-0.7736213491847952,0.0,0.0
-0.762751324887665,0.0,0.0
-0.7518813005905347,0.0,0.0
-0.7410112762934045,0.0,0.0
-0.7301412519962742,0.0,0.0
-0.719271227699144,0.0,0.0
-0.7084012034020137,0.0,0.0
-0.6975311791048835,0.0,0.0
-0.6866611548077532,0.0,0.0
-0.6757911305106248,0.0,0.0
-0.6649211062134945,0.0,0.0
-0.6540510819163643,0.0,0.0
-0.643181057619234,0.0,0.0
-0.6323110333221038,0.0,0.0
-0.6214410090249736,0.0,0.0
-0.6105709847278433,0.0,0.0
-0.5997009604307131,0.0,0.0
-0.5888309361335828,0.0,0.0
-0.5779609118364526,0.0,0.0
-0.5670908875393224,0.0,0.0
-0.5562208632421939,0.0,0.0
-0.5453508389450636,0.0,0.0
-0.5344808146479334,0.0,0.0
-0.5236107903508032,0.0,0.0
-0.5127407660536729,0.0,0.0
-0.5018707417565427,0.0,0.0
-0.4910007174594124,0.0,0.0
-0.4801306931622822,0.0,0.0
-0.4692606688651519,0.0,0.0
-0.4583906445680217,0.0,0.0
-0.4475206202708914,0.0,0.0
-0.436650595973763,0.0,0.0
-0.4257805716766327,0.0,0.0
-0.4149105473795025,0.0,0.0
-0.4040405230823722,0.0,0.0
-0.393170498785242,0.0,0.0
-0.3823004744881118,0.0,0.0
-0.3714304501909815,0.0,0.0
-0.3605604258938513,0.0,0.0
-0.349690401596721,0.0,0.0
-0.3388203772995908,0.0,0.0
-0.3279503530024605,0.0,0.0
-0.3170803287053321,0.0,0.0
-0.3062103044082018,0.0,0.0
-0.2953402801110716,0.0,0.0
-0.2844702558139413,0.0,0.0
-0.2736002315168111,0.0,0.0
-0.2627302072196809,0.0,0.0
-0.2518601829225506,0.0,0.0
-0.2409901586254204,0.0,0.0
-0.2301201343282901,0.0,0.0
-0.2192501100311599,0.0,0.0
-0.2083800857340296,0.0,0.0
-0.1975100614369012,0.0,0.0
-0.1866400371397709,0.0,0.0
-0.1757700128426407,0.0,0.0
-0.1648999885455104,0.0,0.0
-0.1540299642483802,0.0,0.0
-0.1431599399512499,0.0,0.0
-0.1322899156541197,0.0,0.0
-0.1214198913569895,0.0,0.0
-0.1105498670598592,0.0,0.0
-0.099679842762729,0.0,0.0
-0.0888098184655987,0.0,0.0
-0.0779397941684703,0.0,0.0
-0.06706976987134,0.0,0.0
-0.0561997455742098,0.0,0.0
-0.0453297212770795,0.0,0.0
-0.0344596969799493,0.0,0.0
-0.023589672682819,0.0,0.0
-0.0127196483856888,0.0,0.0
-0.0018496240885585,0.0,0.0
0.0090204002085716,0.0,0.0
0.0198904245057018,0.0,0.0
0.0307604488028321,0.0,0.0
0.0416304730999605,0.0,0.0
0.0525004973970908,0.0,0.0
0.063370521694221,0.0,0.0
0.0742405459913513,0.0,0.0
0.0851105702884815,0.0,0.0
0.0959805945856118,0.0,0.0
0.106850618882742,0.0,0.0
0.1177206431798723,0.0,0.0
0.1285906674770025,0.0,0.0
0.1394606917741327,0.0,0.0
0.150330716071263,0.0,0.0
0.1612007403683915,0.0,0.0
0.1720707646655217,0.0,0.0
0.1829407889626515,0.0,0.0
